{"mapName": "0105033050131", "labels": {"0": {"x": -22436.048828125, "y": 40497.00390625, "xTile": 6030, "yTile": 1402, "H": 28, "W": 24}, "1": {"x": -22437.318359375, "y": 40496.91796875, "xTile": 6000, "yTile": 1404, "H": 24, "W": 20}, "2": {"x": -22553.87109375, "y": 40497.68359375, "xTile": 3248, "yTile": 1386, "H": 46, "W": 84}, "3": {"x": -22546.248046875, "y": 40497.68359375, "xTile": 3428, "yTile": 1386, "H": 48, "W": 114}, "4": {"x": -22537.4375, "y": 40497.68359375, "xTile": 3636, "yTile": 1386, "H": 52, "W": 104}, "5": {"x": -22413.0078125, "y": 40521.515625, "xTile": 6574, "yTile": 824, "H": 28, "W": 56}, "6": {"x": -22398.990234375, "y": 40517.82421875, "xTile": 6905, "yTile": 911, "H": 42, "W": 70}, "7": {"x": -22396.4921875, "y": 40517.1875, "xTile": 6964, "yTile": 926, "H": 26, "W": 14}, "8": {"x": -22554.041015625, "y": 40499.80078125, "xTile": 3244, "yTile": 1336, "H": 98, "W": 88}, "9": {"x": -22546.33203125, "y": 40499.71875, "xTile": 3426, "yTile": 1338, "H": 96, "W": 122}, "10": {"x": -22537.693359375, "y": 40499.6328125, "xTile": 3630, "yTile": 1340, "H": 94, "W": 114}, "11": {"x": -22405.724609375, "y": 40448.9140625, "xTile": 6746, "yTile": 2536, "H": 22, "W": 20}, "12": {"x": -22437.064453125, "y": 40521.34375, "xTile": 6006, "yTile": 828, "H": 22, "W": 28}, "13": {"x": -22210.56640625, "y": 40263.6015625, "xTile": 11354, "yTile": 6906, "H": 28, "W": 56}, "14": {"x": -22252.41015625, "y": 40232.390625, "xTile": 10366, "yTile": 7642, "H": 42, "W": 83}, "15": {"x": -22276.169921875, "y": 40526.8984375, "xTile": 9805, "yTile": 697, "H": 53, "W": 317}, "16": {"x": -22222.001953125, "y": 40313.9765625, "xTile": 11084, "yTile": 5718, "H": 62, "W": 52}, "17": {"x": -22224.119140625, "y": 40308.63671875, "xTile": 11034, "yTile": 5844, "H": 88, "W": 58}, "18": {"x": -22222.171875, "y": 40306.0078125, "xTile": 11080, "yTile": 5906, "H": 28, "W": 54}, "19": {"x": -22226.9140625, "y": 40302.01953125, "xTile": 10968, "yTile": 6000, "H": 54, "W": 60}, "20": {"x": -22209.04296875, "y": 40344.59375, "xTile": 11390, "yTile": 4996, "H": 28, "W": 58}, "21": {"x": -22437.318359375, "y": 40497.00390625, "xTile": 6000, "yTile": 1402, "H": 28, "W": 54}, "22": {"x": -22444.349609375, "y": 40495.13671875, "xTile": 5834, "yTile": 1446, "H": 86, "W": 195}, "23": {"x": -22445.619140625, "y": 40487.25, "xTile": 5804, "yTile": 1632, "H": 53, "W": 175}, "24": {"x": -22445.068359375, "y": 40484.83203125, "xTile": 5817, "yTile": 1689, "H": 49, "W": 129}, "25": {"x": -22237.501953125, "y": 40280.5625, "xTile": 10718, "yTile": 6506, "H": 24, "W": 46}, "26": {"x": -22234.453125, "y": 40276.06640625, "xTile": 10790, "yTile": 6612, "H": 28, "W": 56}, "27": {"x": -22240.890625, "y": 40271.1484375, "xTile": 10638, "yTile": 6728, "H": 30, "W": 146}, "28": {"x": -22240.890625, "y": 40271.0625, "xTile": 10638, "yTile": 6730, "H": 26, "W": 24}, "29": {"x": -22398.05859375, "y": 40517.8671875, "xTile": 6927, "yTile": 910, "H": 72, "W": 125}, "30": {"x": -22393.2734375, "y": 40515.6640625, "xTile": 7040, "yTile": 962, "H": 10, "W": 12}, "31": {"x": -22212.0078125, "y": 40536.1015625, "xTile": 11320, "yTile": 480, "H": 30, "W": 146}, "32": {"x": -22437.064453125, "y": 40497.00390625, "xTile": 6006, "yTile": 1402, "H": 26, "W": 14}, "33": {"x": -22436.048828125, "y": 40497.00390625, "xTile": 6030, "yTile": 1402, "H": 27, "W": 115}, "34": {"x": -22379.083984375, "y": 40478.59765625, "xTile": 7375, "yTile": 1836, "H": 117, "W": 88}, "35": {"x": -22512.875, "y": 40497.68359375, "xTile": 4216, "yTile": 1386, "H": 50, "W": 90}, "36": {"x": -22505.08203125, "y": 40497.68359375, "xTile": 4400, "yTile": 1386, "H": 54, "W": 124}, "37": {"x": -22211.583984375, "y": 40296.125, "xTile": 11330, "yTile": 6139, "H": 37, "W": 56}, "38": {"x": -22401.404296875, "y": 40494.2890625, "xTile": 6848, "yTile": 1466, "H": 46, "W": 130}, "39": {"x": -22401.447265625, "y": 40492.46484375, "xTile": 6847, "yTile": 1509, "H": 65, "W": 129}, "40": {"x": -22382.26171875, "y": 40543.90625, "xTile": 7300, "yTile": 296, "H": 32, "W": 52}, "41": {"x": -22388.8671875, "y": 40543.05859375, "xTile": 7144, "yTile": 316, "H": 30, "W": 54}, "42": {"x": -22221.83203125, "y": 40306.0078125, "xTile": 11088, "yTile": 5906, "H": 26, "W": 12}, "43": {"x": -22221.408203125, "y": 40306.0078125, "xTile": 11098, "yTile": 5906, "H": 28, "W": 36}, "44": {"x": -22398.693359375, "y": 40517.2734375, "xTile": 6912, "yTile": 924, "H": 16, "W": 22}, "45": {"x": -22397.76171875, "y": 40517.2734375, "xTile": 6934, "yTile": 924, "H": 20, "W": 18}, "46": {"x": -22397.169921875, "y": 40517.2734375, "xTile": 6948, "yTile": 924, "H": 24, "W": 22}, "47": {"x": -22396.40625, "y": 40517.2734375, "xTile": 6966, "yTile": 924, "H": 28, "W": 12}, "48": {"x": -22404.326171875, "y": 40517.52734375, "xTile": 6779, "yTile": 918, "H": 109, "W": 77}, "49": {"x": -22398.015625, "y": 40510.48828125, "xTile": 6928, "yTile": 1084, "H": 27, "W": 49}, "50": {"x": -22442.52734375, "y": 40522.0234375, "xTile": 5877, "yTile": 812, "H": 42, "W": 161}, "51": {"x": -22215.056640625, "y": 40336.87890625, "xTile": 11248, "yTile": 5178, "H": 44, "W": 116}, "52": {"x": -22421.140625, "y": 40513.37109375, "xTile": 6382, "yTile": 1016, "H": 22, "W": 20}, "53": {"x": -22436.048828125, "y": 40497.00390625, "xTile": 6030, "yTile": 1402, "H": 28, "W": 118}, "54": {"x": -22437.064453125, "y": 40496.91796875, "xTile": 6006, "yTile": 1404, "H": 26, "W": 16}, "55": {"x": -22397.677734375, "y": 40494.12109375, "xTile": 6936, "yTile": 1470, "H": 40, "W": 72}, "56": {"x": -22397.931640625, "y": 40493.8671875, "xTile": 6930, "yTile": 1476, "H": 32, "W": 12}, "57": {"x": -22397.931640625, "y": 40492.0859375, "xTile": 6930, "yTile": 1518, "H": 52, "W": 58}, "58": {"x": -22397.76171875, "y": 40517.2734375, "xTile": 6934, "yTile": 924, "H": 20, "W": 18}, "59": {"x": -22397.634765625, "y": 40518.4609375, "xTile": 6937, "yTile": 896, "H": 166, "W": 191}, "60": {"x": -22212.0078125, "y": 40536.1015625, "xTile": 11320, "yTile": 480, "H": 32, "W": 146}, "61": {"x": -22512.958984375, "y": 40499.71875, "xTile": 4214, "yTile": 1338, "H": 96, "W": 90}, "62": {"x": -22505.419921875, "y": 40499.6328125, "xTile": 4392, "yTile": 1340, "H": 94, "W": 112}, "63": {"x": -22495.849609375, "y": 40498.87109375, "xTile": 4618, "yTile": 1358, "H": 76, "W": 50}}}