{"mapName": "0105033050081", "labels": {"0": {"x": -22248.640625, "y": 40820.6875, "xTile": 10455, "yTile": 1359, "H": 79, "W": 41}, "1": {"x": -22282.650390625, "y": 40753.21875, "xTile": 9652, "yTile": 2950, "H": 44, "W": 60}, "2": {"x": -22280.193359375, "y": 40752.96484375, "xTile": 9710, "yTile": 2956, "H": 38, "W": 26}, "3": {"x": -22306.53515625, "y": 40624.8125, "xTile": 9088, "yTile": 5978, "H": 72, "W": 80}, "4": {"x": -22311.1953125, "y": 40622.4375, "xTile": 8978, "yTile": 6034, "H": 20, "W": 26}, "5": {"x": -22310.177734375, "y": 40622.4375, "xTile": 9002, "yTile": 6034, "H": 20, "W": 28}, "6": {"x": -22309.078125, "y": 40622.4375, "xTile": 9028, "yTile": 6034, "H": 20, "W": 24}, "7": {"x": -22248.005859375, "y": 40742.703125, "xTile": 10470, "yTile": 3198, "H": 42, "W": 80}, "8": {"x": -22311.068359375, "y": 40787.90625, "xTile": 8981, "yTile": 2132, "H": 53, "W": 151}, "9": {"x": -22253.849609375, "y": 40796.47265625, "xTile": 10332, "yTile": 1930, "H": 124, "W": 198}, "10": {"x": -22363.96484375, "y": 40567.98828125, "xTile": 7732, "yTile": 7318, "H": 41, "W": 79}, "11": {"x": -22280.27734375, "y": 40752.625, "xTile": 9708, "yTile": 2964, "H": 32, "W": 30}, "12": {"x": -22277.3125, "y": 40740.15625, "xTile": 9778, "yTile": 3258, "H": 24, "W": 36}, "13": {"x": -22369.216796875, "y": 40681.55078125, "xTile": 7608, "yTile": 4640, "H": 48, "W": 82}, "14": {"x": -22248.4296875, "y": 40695.71484375, "xTile": 10460, "yTile": 4306, "H": 235, "W": 235}, "15": {"x": -22245.46484375, "y": 40692.91796875, "xTile": 10530, "yTile": 4372, "H": 163, "W": 167}, "16": {"x": -22255.544921875, "y": 40685.70703125, "xTile": 10292, "yTile": 4542, "H": 155, "W": 161}, "17": {"x": -22251.39453125, "y": 40684.81640625, "xTile": 10390, "yTile": 4563, "H": 118, "W": 102}, "18": {"x": -22252.15625, "y": 40681.296875, "xTile": 10372, "yTile": 4646, "H": 22, "W": 48}, "19": {"x": -22331.77734375, "y": 40721.07421875, "xTile": 8492, "yTile": 3708, "H": 225, "W": 251}, "20": {"x": -22335.419921875, "y": 40711.06640625, "xTile": 8406, "yTile": 3944, "H": 50, "W": 56}, "21": {"x": -22339.232421875, "y": 40707.58984375, "xTile": 8316, "yTile": 4026, "H": 58, "W": 42}, "22": {"x": -22338.978515625, "y": 40701.23046875, "xTile": 8322, "yTile": 4176, "H": 30, "W": 24}, "23": {"x": -22226.490234375, "y": 40585.4609375, "xTile": 10978, "yTile": 6906, "H": 119, "W": 160}, "24": {"x": -22239.451171875, "y": 40661.91796875, "xTile": 10672, "yTile": 5103, "H": 107, "W": 92}, "25": {"x": -22239.28125, "y": 40659.83984375, "xTile": 10676, "yTile": 5152, "H": 16, "W": 14}, "26": {"x": -22238.265625, "y": 40658.73828125, "xTile": 10700, "yTile": 5178, "H": 12, "W": 10}, "27": {"x": -22237.587890625, "y": 40658.05859375, "xTile": 10716, "yTile": 5194, "H": 22, "W": 18}, "28": {"x": -22336.3515625, "y": 40632.78515625, "xTile": 8384, "yTile": 5790, "H": 20, "W": 12}, "29": {"x": -22302.724609375, "y": 40738.12109375, "xTile": 9178, "yTile": 3306, "H": 54, "W": 52}, "30": {"x": -22307.9765625, "y": 40734.3046875, "xTile": 9054, "yTile": 3396, "H": 60, "W": 70}, "31": {"x": -22313.142578125, "y": 40728.19921875, "xTile": 8932, "yTile": 3540, "H": 32, "W": 78}, "32": {"x": -22211.583984375, "y": 40604.03515625, "xTile": 11330, "yTile": 6468, "H": 12, "W": 28}, "33": {"x": -22223.611328125, "y": 40605.13671875, "xTile": 11046, "yTile": 6442, "H": 384, "W": 315}, "34": {"x": -22219.630859375, "y": 40718.4453125, "xTile": 11140, "yTile": 3770, "H": 28, "W": 60}, "35": {"x": -22220.900390625, "y": 40714.8828125, "xTile": 11110, "yTile": 3854, "H": 34, "W": 166}, "36": {"x": -22221.662109375, "y": 40711.15234375, "xTile": 11092, "yTile": 3942, "H": 32, "W": 26}, "37": {"x": -22218.10546875, "y": 40710.98046875, "xTile": 11176, "yTile": 3946, "H": 48, "W": 76}, "38": {"x": -22384.58984375, "y": 40869.79296875, "xTile": 7245, "yTile": 201, "H": 162, "W": 200}, "39": {"x": -22387.30078125, "y": 40865.63671875, "xTile": 7181, "yTile": 299, "H": 242, "W": 286}, "40": {"x": -22217.935546875, "y": 40558.3203125, "xTile": 11180, "yTile": 7546, "H": 28, "W": 38}, "41": {"x": -22241.3984375, "y": 40695.12109375, "xTile": 10626, "yTile": 4320, "H": 76, "W": 66}, "42": {"x": -22242.24609375, "y": 40692.3671875, "xTile": 10606, "yTile": 4385, "H": 90, "W": 89}, "43": {"x": -22222.3828125, "y": 40799.52734375, "xTile": 11075, "yTile": 1858, "H": 136, "W": 268}, "44": {"x": -22242.162109375, "y": 40807.28515625, "xTile": 10608, "yTile": 1675, "H": 139, "W": 134}, "45": {"x": -22226.236328125, "y": 40806.90625, "xTile": 10984, "yTile": 1684, "H": 38, "W": 82}, "46": {"x": -22237.41796875, "y": 40802.02734375, "xTile": 10720, "yTile": 1799, "H": 73, "W": 108}, "47": {"x": -22233.267578125, "y": 40801.4765625, "xTile": 10818, "yTile": 1812, "H": 44, "W": 30}, "48": {"x": -22239.875, "y": 40801.30859375, "xTile": 10662, "yTile": 1816, "H": 42, "W": 52}, "49": {"x": -22338.72265625, "y": 40636.34765625, "xTile": 8328, "yTile": 5706, "H": 18, "W": 20}, "50": {"x": -22463.576171875, "y": 40628.83984375, "xTile": 5380, "yTile": 5883, "H": 73, "W": 190}, "51": {"x": -22455.783203125, "y": 40627.78125, "xTile": 5564, "yTile": 5908, "H": 46, "W": 28}, "52": {"x": -22345.923828125, "y": 40584.44140625, "xTile": 8158, "yTile": 6930, "H": 28, "W": 46}, "53": {"x": -22351.259765625, "y": 40584.23046875, "xTile": 8032, "yTile": 6935, "H": 38, "W": 87}, "54": {"x": -22351.853515625, "y": 40580.03125, "xTile": 8018, "yTile": 7034, "H": 58, "W": 76}, "55": {"x": -22249.4453125, "y": 40819.16015625, "xTile": 10436, "yTile": 1395, "H": 266, "W": 240}, "56": {"x": -22252.75, "y": 40817.16796875, "xTile": 10358, "yTile": 1442, "H": 40, "W": 100}, "57": {"x": -22244.9140625, "y": 40805.50390625, "xTile": 10543, "yTile": 1717, "H": 167, "W": 173}, "58": {"x": -22282.056640625, "y": 40691.3046875, "xTile": 9666, "yTile": 4410, "H": 26, "W": 28}, "59": {"x": -22280.955078125, "y": 40690.37109375, "xTile": 9692, "yTile": 4432, "H": 59, "W": 59}, "60": {"x": -22325.3828125, "y": 40817.71875, "xTile": 8643, "yTile": 1429, "H": 169, "W": 187}, "61": {"x": -22367.947265625, "y": 40681.296875, "xTile": 7638, "yTile": 4646, "H": 22, "W": 28}, "62": {"x": -22366.759765625, "y": 40681.12890625, "xTile": 7666, "yTile": 4650, "H": 18, "W": 20}, "63": {"x": -22369.1328125, "y": 40680.95703125, "xTile": 7610, "yTile": 4654, "H": 14, "W": 22}, "64": {"x": -22257.23828125, "y": 40778.15234375, "xTile": 10252, "yTile": 2362, "H": 38, "W": 214}, "65": {"x": -22251.775390625, "y": 40772.8515625, "xTile": 10381, "yTile": 2487, "H": 38, "W": 81}, "66": {"x": -22253.892578125, "y": 40771.02734375, "xTile": 10331, "yTile": 2530, "H": 30, "W": 96}, "67": {"x": -22252.15625, "y": 40768.65625, "xTile": 10372, "yTile": 2586, "H": 32, "W": 68}, "68": {"x": -22653.65234375, "y": 40782.48046875, "xTile": 892, "yTile": 2260, "H": 40, "W": 40}, "69": {"x": -22652.296875, "y": 40782.39453125, "xTile": 924, "yTile": 2262, "H": 36, "W": 48}, "70": {"x": -22455.91015625, "y": 40627.82421875, "xTile": 5561, "yTile": 5907, "H": 62, "W": 453}, "71": {"x": -22456.630859375, "y": 40627.61328125, "xTile": 5544, "yTile": 5912, "H": 38, "W": 16}, "72": {"x": -22308.103515625, "y": 40854.8671875, "xTile": 9051, "yTile": 553, "H": 76, "W": 78}, "73": {"x": -22318.013671875, "y": 40838.96484375, "xTile": 8817, "yTile": 928, "H": 233, "W": 230}, "74": {"x": -22309.966796875, "y": 40833.41015625, "xTile": 9007, "yTile": 1059, "H": 51, "W": 54}, "75": {"x": -22308.6953125, "y": 40829.84765625, "xTile": 9037, "yTile": 1143, "H": 138, "W": 155}, "76": {"x": -22304.96875, "y": 40819.07421875, "xTile": 9125, "yTile": 1397, "H": 29, "W": 73}, "77": {"x": -22346.515625, "y": 40701.23046875, "xTile": 8144, "yTile": 4176, "H": 32, "W": 202}, "78": {"x": -22314.1171875, "y": 40654.4140625, "xTile": 8909, "yTile": 5280, "H": 94, "W": 94}, "79": {"x": -22312.888671875, "y": 40651.4453125, "xTile": 8938, "yTile": 5350, "H": 12, "W": 12}, "80": {"x": -22312.126953125, "y": 40650.59765625,