{"kernelSize": 512, "strideX": 50, "strideY": 50, "mapName": "0105033050201", "westBoundary": -22208.6178240351, "northBoundary": 41522.0437969038, "xDiff": 0.0423519298245612, "yDiff": -0.0424061923583669}